Df,Sum Sq,Mean Sq,F value,Pr(>F)
15,16671447425.4278,1111429828.36185,172.149259593851,3.04798151786331e-263
66,890893386.611478,13498384.6456285,2.09076350405578,1.86448814975717e-06
990,6391636726.60687,6456198.71374431,NA,NA
80,1660890245.20553,20761128.0650691,5.10511017349772,0
78,931823853.123489,11946459.6554293,2.9376049573542,4.9293902293357e-14
76,724471287.605085,9532516.94217217,2.34402239936092,7.49743811478965e-09
756,3074451340.67276,4066734.57760948,NA,NA
