PC1,PC2,PC3,PC4,PC5,PC6,PC7,PC8,PC9,PC10,PC11,PC12,PC13,PC14,PC15,PC16
5016.47323477713,3757.4650003884,3313.1311007846,2993.14641296447,2818.82748245364,2486.57997559902,2384.87946015268,2017.07820591813,1930.57179698321,1840.70845883203,1589.53831915247,1272.44576879953,1162.21008653493,983.42596145514,399.529021478085,1.66697328626214e-10
0.25985,0.14579,0.11335,0.09251,0.08205,0.06385,0.05873,0.04201,0.03849,0.03499,0.02609,0.01672,0.01395,0.00999,0.00165,0
0.25985,0.40564,0.51899,0.6115,0.69355,0.75739,0.81612,0.85814,0.89662,0.93161,0.9577,0.97442,0.98837,0.99835,1,1
